{"cameraMode":{"drawMode":0,"name":"Shaded","section":"Shading Mode"},"sceneLighting":false,"audioPlay":false,"sceneViewState":{"m_AlwaysRefresh":false,"showFog":true,"showSkybox":false,"showFlares":true,"showImageEffects":true,"showParticleSystems":true,"showVisualEffectGraphs":true,"m_FxEnabled":true},"in2DMode":false,"pivot":{"x":-0.07496661692857743,"y":0.10321670770645142,"z":-0.36973831057548525},"rotation":{"x":-0.15701420605182649,"y":0.04205552861094475,"z":-0.006693684961646795,"w":-0.9866849184036255},"size":0.13605853915214539,"orthographic":false}