{"cameraMode":{"drawMode":0,"name":"Shaded","section":"Shading Mode"},"sceneLighting":true,"audioPlay":false,"sceneViewState":{"m_AlwaysRefresh":false,"showFog":true,"showSkybox":true,"showFlares":true,"showImageEffects":true,"showParticleSystems":true,"showVisualEffectGraphs":true,"m_FxEnabled":true},"in2DMode":false,"pivot":{"x":-1.541272521018982,"y":1.265849232673645,"z":0.30836591124534609},"rotation":{"x":-0.2232396900653839,"y":0.11722635477781296,"z":-0.027051908895373346,"w":-0.9673247933387756},"size":1.6360585689544678,"orthographic":false}